gene_id,target_id,chromosome,sequence,region,strand,position,mismatch_count
20317,1,chr19,TTTTCTCCTCTGCTTCCCTCTCCCCTA,CDS,+,57803998,0
20317,2,chr19,TTTCTCCTCTGCTTCCCTCTCCCCTAG,CDS,+,57803999,0
20317,3,chr19,TTTCTTTTGTGAACTCTCTGATGATGA,CDS,+,57808049,0
20317,4,chr19,TTTTGTGAACTCTCTGATGATGACGAA,CDS,+,57808053,0
20317,5,chr19,TTTGTGAACTCTCTGATGATGACGAAG,CDS,+,57808054,0
20317,6,chr19,TTTAGGCAAATCTCTTCACTTCGTCAT,CDS,-,57808072,0
20317,7,chr20,TTTTCCTAAATTTTTTTTCAaATTCAg,Intergenic,+,47635863,2
20317,7,chr19,TTTTCCTAAATTTTTTTTCACATTCAC,CDS,-,57842499,0
20317,7,chr19,TTTGCCTAAATTTTTTTTCACATTCAC,CDS,+,57808089,0
20317,8,chr19,TTTTTTTTCACATTCACTaCACCCaTA,CDS,-,57842489,2
20317,8,chr19,TTTTTTTTCACATTCACTGCACCCGTA,CDS,+,57808099,0
20317,9,chr19,TTTTTTTCACATTCACTaCACCCaTAA,CDS,-,57842488,2
20317,9,chr19,TTTTTTTCACATTCACTGCACCCGTAA,CDS,+,57808100,0
20317,10,chr19,TTTTTTCACATTCACTaCACCCaTAAG,CDS,-,57842487,2
20317,10,chr19,TTTTTTCACATTCACTGCACCCGTAAG,CDS,+,57808101,0
20317,11,chr12,TTTCcCACATTCACTGCACCCaTAAGG,UTR,-,133204020,2
20317,11,chr19,TTTTTCACATTCACTaCACCCaTAAGG,CDS,-,57842486,2
20317,11,chr19,TTTTTCACATTCACTGCACCCGTAAGG,CDS,+,57808102,0
20317,11,chr19,TTTCTCACATTCACTGCACtCaTAAGG,CDS,-,57687694,2
20317,11,chr19,TTTTTCACATTCACTGCACtCaTAAGG,CDS,-,57606908,2
20317,11,chr19,TTTCcCACATTCACTGCACCtGTAAGG,CDS,+,52034202,2
20317,11,chr19,TTTCcCACATTCACTGCACCCGTAtGG,CDS,+,51891328,2
20317,11,chr19,TTTTcCACATTCACTGCACCCaTAAGG,UTR,+,34635410,2
20317,11,chr19,TTTCcCACATTCgCTGCACCCGTAAGG,UTR,+,34635494,2
20317,11,chrX,TTTTTCACATTCAtTGCACtCGTAAGG,CDS,+,47976607,2
20317,12,chr19,TTTCCACATTCACTGCACtCaTAAGGC,CDS,+,57926219,2
20317,12,chr19,TTTCCACATTCACTGCACtCaTAAGGC,CDS,+,57872969,2
20317,12,chr19,TTTCCACATTCACTGCACtCaTAAGGC,CDS,+,57873053,2
20317,12,chr19,TTTTCACATTCACTaCACCCaTAAGGC,CDS,-,57842485,2
20317,12,chr19,TTTTCACATTCACTGCACCCGTAAGGC,CDS,+,57808103,0
20317,12,chr19,TTTTCACATTCACTGCACtCaTAAGGC,CDS,-,57606907,2
20317,12,chr19,TTTCCACATTCACTGCACtCaTAAGGC,CDS,-,57606571,2
20317,12,chr19,TTTCCACATTCACTGCACtCaTAAGGC,CDS,-,57506997,2
20317,12,chr19,TTTCCACATTCACTGCACtCaTAAGGC,CDS,-,57493495,2
20317,12,chr19,TTTCCACATTCACTGCACaCaTAAGGC,CDS,+,57473421,2
20317,12,chr19,TTTCCACATTCACTGCACtCaTAAGGC,CDS,-,57357035,2
20317,12,chr19,TTTCCACATTCACTGCACtCaTAAGGC,CDS,+,34759427,2
20317,12,chr19,TTTCCACATTCACTGCACCCaTAAGGC,UTR,+,34635411,1
20317,13,chr19,TTTCACATTCACTaCACCCaTAAGGCT,CDS,-,57842484,2
20317,13,chr19,TTTCACATTCACTGCACCCGTAAGGCT,CDS,+,57808104,0
20317,13,chr19,TTTCACATTCACTGCACtCaTAAGGCT,CDS,-,57606906,2
20317,14,chr19,TTTTCTCCAGTGTGAACTCTCtTGTGT,CDS,+,57872912,1
20317,14,chr19,TTTTCTCCAGTGTGAACTCTttTGTGT,CDS,+,57872996,2
20317,14,chr19,TTTTCTCCAGTGTGAACTCTCCTGTGa,CDS,-,57842458,1
20317,14,chr19,TTTTCTCCAGTGTGAACTCTCCTGTGT,CDS,+,57808130,0
20317,14,chr19,TTTTCTCCAGTGTGAACTCTCtgGTGT,CDS,-,57506886,2
20317,14,chr19,TTTTCTCCAGTGTGAACTCTCtgGTGT,CDS,-,57493384,2
20317,14,chr19,TTTTCTCCAGTGTGAAtTCTCCTaTGT,UTR,+,52840126,2
20317,14,chr19,TTTTCTCCAGTaTGAAtTCTCCTGTGT,UTR,-,52596418,2
20317,15,chr19,TTTCTCCAGTGTGAACTCTCCaGTGcT,CDS,+,58434158,2
20317,15,chr19,TTTCTCCAGTGTGAACTCTCtgGTGTT,CDS,+,57941258,2
20317,15,chr19,TTTCTCCAGTGTGAACTCTCCTGTGTT,CDS,+,57926415,0
20317,15,chr19,TTTCTCCAGTGTGtACTCTCCTGTGTT,CDS,+,57926247,1
20317,15,chr19,TTTCTCCAGTGTGAACTCTCtgGTGTT,CDS,+,57926742,2
20317,15,chr19,TTTCTCCAGTGTGAAtTCTCCTGTGTT,CDS,+,57908641,1
20317,15,chr19,TTTCTCCAGTaTGAACTCTCCTGTGTT,UTR,+,57908475,1
20317,15,chr19,TTTCTCCAGTGTGAACTCTCtTGTGTT,CDS,+,57872913,1
20317,15,chr19,TTTCTCCAGTGTGAACTCTttTGTGTT,CDS,+,57872997,2
20317,15,chr19,TTTCTCCAGTGTGAAtTCTCCTGTGTT,UTR,-,57860021,1
20317,15,chr19,TTTCTCCAGTaTGAACTCTCCTGTGTT,CDS,-,57860187,1
20317,15,chr19,TTTCTCCAGTGTGAACTCTCCTGTGaT,CDS,-,57842457,1
20317,15,chr19,TTTCTCCAGTGTGAACTCTCCTGTGTT,CDS,+,57808131,0
20317,15,chr19,TTTCTCCAGTGTGAACTCTCaaGTGTT,CDS,-,57779671,2
20317,15,chr19,TTTCTCCAGTGTGAACTCTCtgGTGTT,CDS,-,57754391,2
20317,16,chr19,TTTAGTGAGACTGGAGCTTTCaGCAAA,CDS,+,57872938,1
20317,16,chr19,TTTAGTGAGACTGGAGCTTTCGGCAAA,CDS,+,57808156,0
20317,16,chr3,TTTCtTGAGACTGGAGCTTTCaGCAAA,UTR,-,31796044,2
20317,17,chr19,TTTAGTGAGACTGGAGCTTTCaGCAAA,CDS,+,57872938,1
20317,17,chr19,TTTAGTGAGACTGGAGCTTTCGGCAAA,CDS,+,57808156,0
20317,17,chr3,TTTCtTGAGACTGGAGCTTTCaGCAAA,UTR,-,31796044,2
20317,18,chr19,TTTTGCtGAAAGCTCCAGTCTCACTAA,CDS,-,57872939,1
20317,18,chr19,TTTTGCCGAAAGCTCCAGTCTCACTAA,CDS,-,57808157,0
20317,19,chr19,TTTCaGCAAAgGATTTCCCACATTCAC,UTR,+,57872620,2
20317,19,chr19,TTTCaGCAAAAGATTTtCCACATTCAC,CDS,+,57872955,2
20317,19,chr19,TTTCGGCAAAAGATTTCCCACATTCAC,CDS,+,57808173,0
20317,19,chr19,TTTGGctAAAAGATTTCCCACATTCAC,CDS,+,57573059,2
20317,19,chr19,TTTGGctAAAAGATTTCCCACATTCAC,CDS,+,57572891,2
20317,20,chr9,TTTCCCACATTCACTGCAtTCATAAtG,CDS,+,92847109,2
20317,20,chr9,TTTCCCACATTCACTGCACTCATAAtG,CDS,+,92846689,1
20317,20,chr9,TTTCtCACATTCACTGtACTCATAAGG,CDS,+,92847697,2
20317,20,chr9,TTTCCCACATTCACTGCAtTCATAgGG,CDS,-,66920290,2
20317,20,chr9,TTTCCCACATTCACTGCAtTCATAgGG,Intergenic,+,61003672,2
20317,20,chr9,TTTCCCACATTCACTGCAtTCATAgGG,UTR,+,39444926,2
20317,20,chr12,TTTCCCACATTCACcaCACTCATAAGG,CDS,-,133057582,2
20317,20,chr12,TTTCCCACATTCACTGCACcCATAAGG,UTR,-,133204020,1
20317,20,chr12,TTTCCCACATTCACaGCACTCATAgGG,UTR,-,133202760,2
20317,20,chr12,TTTCCCACATTCACTGCAtTCATAgGG,UTR,-,133203936,2
20317,20,chr12,TTTCCCACATTCACTGCAtTCATAgGG,CDS,+,132925678,2
20317,20,chr7,TTTTCCACATTCACTGCAtTCATAAGa,CDS,-,99486807,2
20317,20,chr7,TTTCCCACATTCACTGCAtTCATAgGG,CDS,+,6692113,2
20317,20,chr17,TTTCCCACATTCAtTGCAtTCATAAGG,CDS,+,18662503,2
20317,20,chr17,TTTTCCACATTCACTGCAtTCATAtGG,CDS,+,18662251,2
20317,21,chr19,TTTACCCACAGCTCTACATTCtGTGTT,CDS,-,57873106,1
20317,21,chr19,TTTACCCACAGCTCTACATTCCGTGTT,CDS,-,57808240,0
20317,22,chr2,TTTCTCCAGTGTGAAtTCTCTGGTGTc,CDS,-,95181648,2
20317,22,chr18,TTTCTCCAGTGTGgACTCTCTGGTGTt,CDS,+,35337425,2
20317,22,chrX,TTTCTCCAGTGTGAACTCTCTGGTGct,UTR,+,124173289,2
20317,22,chr19,TTTCTCCAGTGTGAACTCTCTGGTGaa,CDS,-,58417461,2
20317,22,chr19,TTTCTCCAGTGTGAACTCTCTGGTGTt,CDS,+,57941258,1
20317,22,chr19,TTTCTCCAGTGTGAACTCTCTGGTGTt,CDS,+,57926742,1
20317,22,chr19,TTTCTCCAGTGTGAACTCTCTGGTGTG,UTR,+,57872747,0
20317,22,chr19,TTTCTCCAGTGTGAACTCTCTGaTGTG,CDS,+,57873165,1
20317,22,chr19,TTTCTCCAGTGTGAACTCTCTtGTGTt,CDS,+,57872913,2
20317,22,chr19,TTTCTCCAGTGTGAACTCTCTGGTGTG,CDS,-,57842205,0
20317,22,chr19,TTTCTCCAGTGTGAACTCTCTGGTGTG,CDS,+,57808299,0
20317,22,chr19,TTTCTCCAGTGTGAACTCTCTGGTGTt,CDS,-,57754307,1
20317,22,chr19,TTTCTCCAGTGTGAACTCTCTGGTGTt,CDS,-,57754391,1
20317,22,chr19,TTTCTCCAGTGTGAACTCTCTGGTGTt,CDS,-,57753971,1
20317,22,chr19,TTTCTCCAGTGTGAACTgTCTGGTGTt,CDS,+,57721070,2
20317,23,chr19,TTTAGGCACAAGTgCCACCTCAcTGCA,CDS,+,57842180,2
20317,23,chr19,TTTAGGCACAAGTACCACCTCATTGCA,CDS,-,57808324,0
20317,24,chr19,TTTTAGGCACAAGTgCCACCTCAcTGC,CDS,+,57842179,2
20317,24,chr19,TTTTAGGCACAAGTACCACCTCATTGC,CDS,-,57808325,0
20317,25,chr19,TTTTTAGGCACAAGTgCCACCTCAcTG,CDS,+,57842178,2
20317,25,chr19,TTTTTAGGCACAAGTACCACCTCATTG,CDS,-,57808326,0
20317,26,chr19,TTTTTTAGGCACAAGTgCCACCTCAcT,CDS,+,57842177,2
20317,26,chr19,TTTTTTAGGCACAAGTACCACCTCATT,CDS,-,57808327,0
20317,27,chr19,TTTGTCAGAAATTTTTTAGGCACAAGT,CDS,-,57808338,0
20317,28,chr19,TTTCTGACAAtCCTCACACTCATATGG,CDS,+,57872802,1
20317,28,chr19,TTTCTGACAAACCTCACACTCATATGG,CDS,+,57808354,0
20317,29,chr19,TTTAACAGTAAGTCCCACCTCCTTGTA,CDS,-,57808408,0
20317,30,chr19,TTTCCCACATATCCCACACGTATAAGG,CDS,+,57808438,0
20317,31,chr8,TTTGTCTCTtGTGTGAACTCCTTGAgG,Intergenic,-,2868131,2
20317,31,chr19,TTTTTCTCTAGTGTGAACTCCTTGATG,CDS,+,57808465,0
20317,32,chr19,TTTTCTCTAGTGTGAACTCCTTGATGA,CDS,+,57808466,0
20317,33,chr19,TTTCTCTAGTGTGAACTCCTTGATGAT,CDS,+,57808467,0
20317,34,chr12,TTTCtTAGAGGATgTCCCACATTCACA,Intron,+,121432543,2
20317,34,chr19,TTTGCTAaAGGATTTCCCACATTCcCA,CDS,+,57927457,2
20317,34,chr19,TTTGCTAaAGGAcTTCCCACATTCACA,CDS,+,57874630,2
20317,34,chr19,TTTGCTAaAGGATTTCCCACATTCACA,CDS,-,57841406,1
20317,34,chr19,TTTGCTAGAGGATTTCCCACATTCACA,CDS,+,57808510,0
20317,34,chr19,TTTGCTAaAGGATTTCCCACATTCACt,CDS,+,57702432,2
20317,34,chr3,TTTGCTAaAGGATTTCCCACATTCACt,UTR,-,31795519,2
20317,35,chr19,TTTCCCACATTCACACCACACAGAAGG,CDS,+,57808522,0
20317,36,chr19,TTTAGCACCAAAcATATACTCAGTCAG,CDS,-,57874696,1
20317,36,chr19,TTTAGCACCAAAcATATACTCAGTCAG,CDS,+,57841340,1
20317,36,chr19,TTTAGCACCAAAGATATACTCAGTCAG,CDS,-,57808576,0
20317,37,chr19,TTTTAGCACCAAAcATATACTCAGTCA,CDS,-,57874697,1
20317,37,chr19,TTTTAGCACCAAAcATATACTCAGTCA,CDS,+,57841339,1
20317,37,chr19,TTTTAGCACCAAAGATATACTCAGTCA,CDS,-,57808577,0
20317,38,chr19,TTTGGTGCTAgAATGTTTCATGCATtC,CDS,+,57927535,2
20317,38,chr19,TTTGGTGCTAAAATGTTTCATGgATtC,CDS,+,57874711,2
20317,38,chr19,TTTGGTGCTAAAATGTTTCATGCATCC,CDS,+,57808591,0
20317,39,chr19,TTTCATGCATtCTCCACAGCTGTAATG,CDS,+,57927550,1
20317,39,chr19,TTTCATGCATCCTCCACAGCTGTAATG,CDS,+,57808606,0
20317,40,chr19,TTTCATGGGGGAAAAAGCCATTACAGC,CDS,-,57808624,0
20317,41,chr19,TTTTTCCCCCATGAAACAGAGACACAC,CDS,+,57808635,0
20317,42,chr19,TTTTCCCCCATGAAACAGAGACACACA,CDS,+,57808636,0
20317,43,chr19,TTTCCCCCATGAAACAGAGACACACAC,CDS,+,57808637,0
20317,44,chr19,TTTTGCTGTTTGACTTCCCAGTGTGAG,CDS,+,57808668,0
20317,45,chr19,TTTGCTGTTTGACTTCCCAGTGTGAGT,CDS,+,57808669,0
20317,46,chr19,TTTGACTTCCCAGTGTGAGTGGCCTCT,CDS,+,57808676,0
20317,47,chr19,TTTGCcCAGGTCAGGATTACTCCAGCA,CDS,-,57874826,1
20317,47,chr19,TTTGCcCAGGTCAGGATTACTCCAGCA,CDS,+,57841210,1
20317,47,chr19,TTTGCTCAGGTCAGGATTACTCCAGCA,CDS,-,57808703,0
20317,48,chr19,TTTTGCcCAGGTCAGGATTACTCCAGC,CDS,-,57874827,1
20317,48,chr19,TTTTGCcCAGGTCAGGATTACTCCAGC,CDS,+,57841209,1
20317,48,chr19,TTTTGCTCAGGTCAGGATTACTCCAGC,CDS,-,57808704,0
20317,49,chr19,TTTTTGCcCAGGTCAGGATTACTCCAG,CDS,-,57874828,1
20317,49,chr19,TTTTTGCcCAGGTCAGGATTACTCCAG,CDS,+,57841208,1
20317,49,chr19,TTTTTGCTCAGGTCAGGATTACTCCAG,CDS,-,57808705,0
20317,50,chr19,TTTCCCACTCTCACTGAAGACAGATGA,CDS,+,57808735,0
20317,51,chr19,TTTGtGAAGAGGTGTAAGTTcCATGTG,CDS,-,57927718,2
20317,51,chr19,TTTGCaAAGAGGTGTAAGTTGCATGTG,CDS,-,57874894,1
20317,51,chr19,TTTGtGAAGAGGTGTAAGTTGCATGTG,CDS,+,57841142,1
20317,51,chr19,TTTGCGAAGAGGTGTAAGTTGCATGTG,CDS,-,57808771,0
20317,52,chr19,TTTCTCTCCAATGTGCTCATTCTGGTG,CDS,+,57874951,0
20317,52,chr19,TTTCTCTCCAATGTGCTCATTCTGGTG,CDS,-,57841085,0
20317,52,chr19,TTTCTCTCCAATGTGCTCATTCTGGTG,CDS,+,57808828,0
20317,52,chr3,TTTCTCTCCAATGTGCTgcTTCTGGTG,UTR,-,31794880,2
20317,53,chr19,TTTCATCAGCACCAGAATGAGCACATT,CDS,-,57874960,0
20317,53,chr19,TTTCATCAGCACCAGAATGAGCACATT,CDS,+,57841076,0
20317,53,chr19,TTTCATCAGCACCAGAATGAGCACATT,CDS,-,57808837,0
20317,54,chr19,TTTGaACTaTCATACAATTTATTCCCC,CDS,+,57927809,2
20317,54,chr19,TTTCCACTGTCATACAATTTATTCCCC,CDS,+,57874988,0
20317,54,chr19,TTTCCACTGTCATACAATTTATTCCCC,CDS,-,57841048,0
20317,54,chr19,TTTCCACTGTCATACAATTTATTCCCC,CDS,+,57808865,0
20317,55,chr19,TTTATTCCCCCAtGCCTCACACCTGTG,CDS,+,57927826,1
20317,55,chr19,TTTATTCCCCCAGGCCTCACACCTGTG,CDS,+,57875005,0
20317,55,chr19,TTTATTCCCCCAGGCCTCACACCTGTG,CDS,-,57841031,0
20317,55,chr19,TTTATTCCCCCAGGCCTCACACCTGTG,CDS,+,57808882,0
20317,56,chr19,TTTCTGCTTGTGATGTGTcCCCTGATG,CDS,+,57927856,1
20317,56,chr19,TTTCTGCTTGTGATGTGTTCCCTGATG,CDS,+,57875035,0
20317,56,chr19,TTTCTGCTTGTGATGTGTTCCCTGATG,CDS,-,57841001,0
20317,56,chr19,TTTCTGCTTGTGATGTGTTCCCTGATG,CDS,+,57808912,0
20317,57,chr19,TTTGCATGTGGCAGATCATCAGGGAAC,CDS,-,57875051,0
20317,57,chr19,TTTGCATGTGGCAGATCATCAGGGAAC,CDS,+,57840985,0
20317,57,chr19,TTTGCATGTGGCAGATCATCAGGGAAC,CDS,-,57808928,0
20317,58,chr19,TTTTGCATGTGGCAGATCATCAGGGAA,CDS,-,57875052,0
20317,58,chr19,TTTTGCATGTGGCAGATCATCAGGGAA,CDS,+,57840984,0
20317,58,chr19,TTTTGCATGTGGCAGATCATCAGGGAA,CDS,-,57808929,0
20317,59,chr19,TTTCTATACAAAGAGtGtCTCAGGTCA,CDS,-,57927972,2
20317,59,chr19,TTTATATACAAAGAGAGACTCAGGTCA,CDS,-,57875151,0
20317,59,chr19,TTTATATACAAAGAGAGACTCAGGTCA,CDS,+,57840885,0
20317,59,chr19,TTTATATACAAAGAGAGACTCAGGTCA,CDS,-,57809028,0
20317,59,chr3,TTTCTATACAAAGAGAGtCTCAGGTCA,UTR,+,31794680,1
20317,60,chr19,TTTGTATATAAATACTCTGCTTAGAAG,CDS,+,57875166,0
20317,60,chr19,TTTGTATATAAATACTCTGCTTAGAAG,CDS,-,57840870,0
20317,60,chr19,TTTGTATATAAATACTCTGCTTAGAAG,CDS,+,57809043,0
20317,61,chr19,TTTTCCCAGGAGGAgTGGAgTCTCCTT,CDS,-,57930494,2
20317,61,chr19,TTTACCtgGGAGGAATGGAATCTCCTT,CDS,-,57876982,2
20317,61,chr19,TTTACCCAGGAGGAATGGAATCTCCTT,CDS,+,57839055,0
20317,61,chr19,TTTACCCAGGAGGAATGGAATCTCCTT,CDS,-,57813360,0
20317,61,chr19,TTTTCCCAGGAGGAATGGAgTCTCCTT,CDS,+,57750817,1
20317,62,chr19,TTTGAAGAtGTGGCTGTGAAcTTTACC,CDS,-,57877003,2
20317,62,chr19,TTTGAAGACGTGGCTGTGAAATTTACC,CDS,+,57839034,0
20317,62,chr19,TTTGAAGACGTGGCTGTGAAATTTACC,CDS,-,57813381,0
20317,63,chr19,TTTTGAAGAtGTGGCTGTGAAcTTTAC,CDS,-,57877004,2
20317,63,chr19,TTTTGAAGACGTGGCTGTGAAATTTAC,CDS,+,57839033,0
20317,63,chr19,TTTTGAAGACGTGGCTGTGAAATTTAC,CDS,-,57813382,0
20317,64,chr4,TTTTACAGtCACaTCTTCAAAAGTCAC,Intergenic,+,15447572,2
20317,64,chr19,TTTCACAGCCACGTCTTCAAAAGTCAC,CDS,-,57839028,0
20317,64,chr19,TTTCACAGCCACGTCTTCAAAAGTCAC,CDS,+,57813387,0
20317,66,chr9,TTTCttACTTGTGTGACTAGGAGGTGA,Intron,+,26958601,2
20317,66,chr19,TTTAGGACTTGTGTGACTAGGAGGTGA,CDS,+,57814654,0
